0,0.103015,0.206892,0.312406,0.420238,0.530975,0.645108,0.763031,0.885043,1.01134,1.14204,1.27713,1.41654,1.56006,1.70742,1.85824,2.01204,2.16826,2.32625,2.48527
-10,-9.97202,-9.9438,-9.9151,-9.88572,-9.85547,-9.82421,-9.79179,-9.75809,-9.72301,-9.68647,-9.64842,-9.60881,-9.56762,-9.52486,-9.48054,-9.43471,-9.38746,-9.33887,-9.28909
0.429068,0.535339,0.642376,0.750907,0.86157,0.974914,1.0914,1.21138,1.33513,1.46285,1.5946,1.73039,1.87013,2.01362,2.16059,2.31067,2.46341,2.61828,2.77465,2.93182
-9.88331,-9.85428,-9.82496,-9.79513,-9.76458,-9.73315,-9.70066,-9.66698,-9.63198,-9.59557,-9.55764,-9.51814,-9.47702,-9.43424,-9.3898,-9.3437,-9.29599,-9.24673,-9.19602,-9.14398
0.856978,0.965555,1.07481,1.18542,1.29801,1.41308,1.53106,1.65229,1.77703,1.90544,2.03758,2.17345,2.31295,2.45589,2.602,2.75091,2.90221,3.05537,3.20979,3.36482
-9.76592,-9.73582,-9.70536,-9.67435,-9.64257,-9.60986,-9.57603,-9.54097,-9.50452,-9.46659,-9.42707,-9.3859,-9.34302,-9.29838,-9.25197,-9.20379,-9.15388,-9.10229,-9.04912,-8.99449
1.28257,1.39265,1.50331,1.61522,1.72896,1.845,1.96377,2.08556,2.21062,2.3391,2.47105,2.60647,2.74523,2.88715,3.03198,3.17934,3.32884,3.47996,3.63213,3.78473
-9.64708,-9.61582,-9.58415,-9.55185,-9.51874,-9.48461,-9.44932,-9.4127,-9.37463,-9.33499,-9.29367,-9.25059,-9.20569,-9.15893,-9.11026,-9.05971,-9.00729,-8.95306,-8.8971,-8.83955
1.70472,1.81585,1.92747,2.04022,2.15465,2.27123,2.39034,2.51226,2.63723,2.76538,2.89675,3.03132,3.16898,3.30955,3.45274,3.59823,3.74561,3.89439,4.04401,4.19388
-9.52609,-9.49349,-9.46042,-9.42665,-9.39198,-9.35624,-9.31924,-9.28084,-9.24089,-9.19927,-9.15587,-9.11061,-9.0634,-9.0142,-8.96297,-8.90972,-8.85446,-8.79725,-8.73818,-8.67736
2.12233,2.23422,2.34653,2.45984,2.57469,2.69151,2.81067,2.93244,3.05703,3.18455,3.31505,3.44849,3.58475,3.72365,3.86493,4.00825,4.15321,4.29935,4.44614,4.593
-9.40219,-9.368,-9.33327,-9.29778,-9.26131,-9.22367,-9.1847,-9.14423,-9.10212,-9.05823,-9.01244,-8.96468,-8.91484,-8.86289,-8.80877,-8.75249,-8.69407,-8.63354,-8.57101,-8.50659
2.53437,2.64676,2.75946,2.87306,2.98804,3.10482,3.22375,3.34507,3.46898,3.59559,3.72491,3.85692,3.99149,4.12844,4.2675,4.40836,4.55063,4.69385,4.83751,4.98107
-9.27472,-9.2387,-9.20206,-9.16458,-9.12604,-9.08625,-9.04503,-9.0022,-8.95763,-8.91117,-8.8627,-8.81212,-8.75935,-8.70431,-8.64699,-8.58735,-8.52542,-8.46124,-8.39492,-8.32657
3.03999,3.15229,3.26479,3.37803,3.4925,3.60856,3.72655,3.84669,3.96916,4.09404,4.22135,4.35105,4.48302,4.61705,4.75291,4.89027,5.02876,5.16794,5.30733,5.44641
-9.10899,-9.07045,-9.03119,-8.99098,-8.94961,-8.90687,-8.86256,-8.81653,-8.7686,-8.71863,-8.66649,-8.61207,-8.55529,-8.49606,-8.43435,-8.37013,-8.30344,-8.2343,-8.16283,-8.08915
3.436,3.54785,3.65982,3.77243,3.88611,4.00124,4.11811,4.23694,4.3579,4.48105,4.60641,4.73392,4.86346,4.99484,5.12781,5.26205,5.39721,5.53286,5.66855,5.80374
-8.97095,-8.93015,-8.88854,-8.84589,-8.80199,-8.75661,-8.70956,-8.66066,-8.60975,-8.55666,-8.50126,-8.44345,-8.38311,-8.32019,-8.25463,-8.18642,-8.11556,-8.04212,-7.96619,-7.88791
3.82351,3.93499,4.04649,4.1585,4.27143,4.38563,4.50137,4.61886,4.73824,4.85957,4.98287,5.10805,5.235,5.36354,5.49341,5.62431,5.75589,5.88775,6.01945,6.15049
-8.82716,-8.78372,-8.73939,-8.69392,-8.6471,-8.5987,-8.54852,-8.49638,-8.4421,-8.38552,-8.32649,-8.26491,-8.20067,-8.13369,-8.06393,-7.99136,-7.916,-7.83791,-7.75718,-7.67395
4.29478,4.40557,4.51625,4.62727,4.73901,4.85179,4.96586,5.0814,5.19853,5.3173,5.4377,5.55966,5.68306,5.80771,5.93337,6.05975,6.18651,6.31328,6.43963,6.56511
-8.63822,-8.59106,-8.5429,-8.4935,-8.44262,-8.39003,-8.33552,-8.27891,-8.22,-8.15863,-8.09465,-8.02794,-7.95839,-7.88592,-7.81048,-7.73204,-7.65062,-7.56628,-7.47912,-7.38929
4.75065,4.85987,4.96886,5.07803,5.18775,5.29831,5.40993,5.52277,5.63694,5.75247,5.86936,5.98751,6.10681,6.22707,6.34805,6.46948,6.59103,6.71233,6.833,6.9526
-8.43862,-8.38758,-8.33543,-8.28191,-8.22678,-8.16979,-8.11074,-8.04941,-7.98562,-7.9192,-7.84998,-7.77784,-7.70266,-7.62437,-7.5429,-7.45824,-7.37041,-7.27947,-7.18551,-7.0887
5.19001,5.29728,5.4042,5.51115,5.61847,5.72641,5.8352,5.94497,6.0558,6.16773,6.28073,6.39471,6.50955,6.62505,6.741,6.85712,6.9731,7.08859,7.20323,7.3166
-8.22688,-8.17158,-8.11505,-8.05703,-7.99726,-7.9355,-7.87151,-7.80509,-7.73603,-7.66416,-7.58932,-7.51135,-7.43016,-7.34565,-7.25777,-7.1665,-7.07184,-6.97388,-6.87272,-6.76853
5.6123,5.71725,5.82172,5.92607,6.03061,6.13558,6.24116,6.34747,6.4546,6.56255,6.6713,6.78074,6.89074,7.00114,7.11169,7.22215,7.3322,7.44154,7.54979,7.65659
-8.00208,-7.94215,-7.88087,-7.81798,-7.75319,-7.68627,-7.61697,-7.54507,-7.47036,-7.39265,-7.31178,-7.2276,-7.13999,-7.04886,-6.95415,-6.85585,-6.75397,-6.64859,-6.53982,-6.42784
6.01726,6.11952,6.22117,6.32255,6.42394,6.52555,6.62755,6.73004,6.83308,6.93667,7.04078,7.1453,7.25011,7.35502,7.45981,7.56424,7.66803,7.77085,7.8724,7.97236
-7.76328,-7.69836,-7.63196,-7.56381,-7.49364,-7.42117,-7.34616,-7.26838,-7.1876,-7.10365,-7.01634,-6.92552,-6.83107,-6.7329,-6.63096,-6.52522,-6.41571,-6.30251,-6.18582,-6.06593
6.40491,6.50411,6.60258,6.70061,6.79846,6.89632,6.99434,7.09261,7.19117,7.29001,7.38909,7.4883,7.58752,7.68656,7.78523,7.88329,7.98052,8.07664,8.17137,8.26441
-7.50942,-7.43911,-7.36721,-7.29341,-7.21743,-7.139,-7.05786,-6.97378,-6.88652,-6.79588,-6.7017,-6.60382,-6.50211,-6.39649,-6.2869,-6.17341,-6.05616,-5.93534,-5.8112,-5.68405
6.77487,6.87085,6.96553,7.05883,7.15067,7.241,7.32978,7.41695,7.50251,7.58642,7.66869,7.7493,7.82829,7.90567,7.98147,8.05574,8.1285,8.19979,8.26966,8.33815
-7.23827,-7.16198,-7.08431,-7.0053,-6.92498,-6.84339,-6.76055,-6.6765,-6.59124,-6.50481,-6.4172,-6.32844,-6.23854,-6.14754,-6.05548,-5.96237,-5.86822,-5.77302,-5.67675,-5.57938
7.12735,7.2184,7.30809,7.39634,7.48308,7.56828,7.65187,7.73384,7.81416,7.89283,7.96986,8.04526,8.11905,8.19127,8.26192,8.33105,8.39869,8.46488,8.52964,8.59301
-6.94807,-6.86654,-6.78355,-6.69915,-6.61336,-6.52623,-6.43778,-6.34803,-6.25704,-6.16488,-6.0716,-5.97727,-5.88192,-5.7856,-5.68832,-5.59012,-5.49097,-5.39089,-5.28986,-5.18782
7.46306,7.54891,7.63334,7.71627,7.79765,7.87743,7.95561,8.03216,8.10708,8.18037,8.25205,8.32212,8.3906,8.45753,8.52292,8.58681,8.64922,8.71019,8.76975,8.82792
-6.63702,-6.54995,-6.46135,-6.37126,-6.27972,-6.18682,-6.09264,-5.99726,-5.90077,-5.80322,-5.70468,-5.6052,-5.50483,-5.40359,-5.30153,-5.19863,-5.09492,-4.99039,-4.885,-4.77873
7.84263,7.9219,7.99971,8.07602,8.15078,8.22397,8.29558,8.36559,8.434,8.50081,8.56604,8.62969,8.69177,8.75232,8.81135,8.86888,8.92494,8.97955,9.03274,9.08453
-6.23081,-6.13679,-6.04129,-5.94442,-5.84627,-5.74692,-5.64645,-5.54495,-5.44248,-5.3391,-5.23488,-5.12985,-5.02407,-4.91756,-4.81033,-4.70241,-4.59379,-4.48447,-4.37442,-4.26361
8.14008,8.21395,8.28738,8.36109,8.43553,8.51091,8.58723,8.66428,8.74171,8.81903,8.89564,8.97092,9.0442,9.11485,9.18232,9.24615,9.30606,9.36195,9.41399,9.46263
-5.86404,-5.76471,-5.66476,-5.56474,-5.46494,-5.36547,-5.26625,-5.16711,-5.06779,-4.96798,-4.86735,-4.76558,-4.66237,-4.55748,-4.45073,-4.342,-4.23127,-4.11861,-4.00417,-3.88821
8.43027,8.50609,8.58336,8.66227,8.74282,8.82484,8.90803,8.99197,9.07613,9.15991,9.24267,9.32376,9.40252,9.47833,9.55065,9.61904,9.68319,9.74295,9.79839,9.8498
-5.47953,-5.37985,-5.2798,-5.17886,-5.07644,-4.97194,-4.86478,-4.75437,-4.64022,-4.52185,-4.39889,-4.27108,-4.13825,-4.00035,-3.85746,-3.7098,-3.55771,-3.40166,-3.24224,-3.08017
8.74274,8.82381,8.90445,8.98376,9.06105,9.1358,9.20764,9.27637,9.34193,9.40433,9.46371,9.52026,9.57422,9.62585,9.67539,9.72308,9.76908,9.81348,9.85626,9.89724
-5.09374,-4.99099,-4.88648,-4.77926,-4.6686,-4.55398,-4.43506,-4.31163,-4.18361,-4.05105,-3.91406,-3.77283,-3.62759,-3.47864,-3.32628,-3.17085,-3.0127,-2.8522,-2.68972,-2.52565
9.06007,9.13428,9.20515,9.27269,9.33695,9.39802,9.45604,9.51118,9.56366,9.61366,9.66142,9.70713,9.75099,9.79316,9.83376,9.87288,9.91053,9.94665,9.9811,10.0137
-4.6909,-4.57812,-4.46244,-4.34357,-4.22128,-4.09543,-3.96593,-3.83276,-3.69592,-3.55548,-3.41153,-3.26421,-3.11367,-2.9601,-2.80371,-2.64473,-2.48343,-2.32009,-2.15503,-1.98861
9.33258,9.39323,9.45046,9.50461,9.55598,9.60486,9.65149,9.69607,9.73879,9.77979,9.81919,9.85706,9.89344,9.92834,9.96173,9.99354,10.0237,10.052,10.0783,10.1024
-4.2471,-4.12323,-3.99704,-3.86837,-3.73711,-3.60314,-3.46637,-3.32676,-3.18425,-3.03884,-2.89054,-2.7394,-2.58549,-2.42893,-2.26985,-2.10844,-1.94493,-1.77957,-1.61267,-1.4446
9.54868,9.59727,9.64327,9.68702,9.72879,9.7688,9.80721,9.84414,9.87965,9.91378,9.94652,9.97781,10.0076,10.0357,10.0622,10.0867,10.1092,10.1295,10.1475,10.1631
-3.76593,-3.63401,-3.50054,-3.36533,-3.2282,-3.08899,-2.94756,-2.80378,-2.65755,-2.50881,-2.35752,-2.20368,-2.04734,-1.88858,-1.72751,-1.56432,-1.39921,-1.23246,-1.06437,-0.895311
9.71943,9.75931,9.79732,9.83366,9.86848,9.90188,9.93391,9.96459,9.99389,10.0218,10.0481,10.0728,10.0958,10.1168,10.1358,10.1526,10.167,10.179,10.1883,10.195
-3.26013,-3.12291,-2.98464,-2.84507,-2.70397,-2.56113,-2.41636,-2.26951,-2.12047,-1.96914,-1.81549,-1.65951,-1.50124,-1.34076,-1.1782,-1.01374,-0.847606,-0.680055,-0.511413,-0.342036
9.85928,9.89272,9.92457,9.95492,9.98381,10.0112,10.0372,10.0617,10.0845,10.1057,10.1251,10.1425,10.1579,10.1711,10.182,10.1904,10.1962,10.1994,10.1998,10.1974
-2.74006,-2.59919,-2.45751,-2.31473,-2.17062,-2.02494,-1.87751,-1.72818,-1.57684,-1.42342,-1.26787,-1.11021,-0.9505,-0.788824,-0.625326,-0.460188,-0.293638,-0.125945,0.0425777,0.211571
9.97587,10.0035,10.0296,10.054,10.0768,10.0979,10.1173,10.1349,10.1506,10.1643,10.176,10.1855,10.1926,10.1974,10.1996,10.1992,10.1961,10.1902,10.1816,10.1702
-2.21112,-2.06731,-1.9228,-1.77734,-1.63066,-1.48258,-1.3329,-1.18151,-1.02831,-0.873247,-0.716302,-0.5575,-0.39691,-0.234636,-0.0708241,0.0943334,0.260605,0.427751,0.595499,0.763542
10.0706,10.092,10.111,10.1271,10.14,10.1495,10.1557,10.1585,10.1582,10.1549,10.149,10.1407,10.1302,10.118,10.1041,10.0889,10.0724,10.0546,10.0353,10.0144
-1.67599,-1.52956,-1.38248,-1.23446,-1.08531,-0.934882,-0.7831,-0.629925,-0.475351,-0.319402,-0.162123,-0.00357204,0.156167,0.31702,0.478908,0.641738,0.805387,0.969704,1.13449,1.29948
10.1352,10.1453,10.1515,10.1538,10.152,10.1463,10.1369,10.124,10.108,10.0893,10.0684,10.0457,10.0216,9.99639,9.97046,9.94395,9.91695,9.88939,9.86104,9.83149
-1.13596,-0.987067,-0.837721,-0.687764,-0.537085,-0.385621,-0.233334,-0.0802122,0.0737419,0.228516,0.38412,0.54056,0.697838,0.855948,1.01488,1.17458,1.335,1.496,1.65742,1.81901
10.1508,10.1443,10.1345,10.1218,10.1066,10.0893,10.0702,10.0496,10.0276,10.0043,9.97974,9.95401,9.92706,9.89881,9.86916,9.83798,9.80513,9.77044,9.73375,9.69486
-0.485232,-0.335218,-0.185298,-0.0353322,0.114819,0.265296,0.416246,0.567798,0.720064,0.873137,1.02708,1.18192,1.33768,1.49431,1.65176,1.80991,1.96863,2.12773,2.28697,2.4461
10.1099,10.0935,10.0755,10.0561,10.0354,10.0137,9.99088,9.967,9.942,9.91578,9.88821,9.85912,9.82835,9.79572,9.76106,9.72419,9.68498,9.6433,9.59908,9.55229
0.0523628,0.201489,0.350282,0.498982,0.647817,0.796986,0.946666,1.097,1.24811,1.40006,1.5529,1.70663,1.86121,2.01658,2.17263,2.32921,2.48614,2.64321,2.8002,2.95683
10.0386,10.0179,9.99624,9.97363,9.95002,9.92533,9.89945,9.87224,9.84354,9.81318,9.78098,9.74676,9.71034,9.67158,9.63032,9.58645,9.53989,9.49059,9.43855,9.3838
0.580614,0.728644,0.876415,1.02417,1.17214,1.32049,1.46938,1.61892,1.76918,1.92021,2.07202,2.22457,2.37779,2.5316,2.68587,2.84043,2.9951,3.14969,3.30396,3.4577
9.94314,9.91816,9.89211,9.86486,9.83628,9.80621,9.77449,9.74095,9.70544,9.66779,9.62786,9.5855,9.5406,9.49304,9.44276,9.38968,9.33379,9.2751,9.21365,9.14951
1.20359,1.35058,1.49739,1.64422,1.79124,1.93859,2.08638,2.23469,2.38356,2.533,2.68299,2.83347,2.98438,3.1356,3.28701,3.43846,3.58978,3.74077,3.89125,4.04099
9.83158,9.80136,9.76964,9.73625,9.70104,9.66386,9.62456,9.58301,9.53909,9.49269,9.44374,9.39214,9.33783,9.28078,9.22095,9.15835,9.09299,9.0249,8.95415,8.88081
1.8169,1.96301,2.10889,2.25469,2.40055,2.54657,2.69283,2.83937,2.98622,3.13338,3.28082,3.42848,3.57629,3.72416,3.87198,4.01961,4.16689,4.31367,4.45977,4.60498
9.72176,9.68604,9.64841,9.60871,9.56682,9.52265,9.47609,9.42704,9.37545,9.32125,9.26439,9.20483,9.14255,9.07754,9.0098,8.93936,8.86624,8.79048,8.71215,8.63132
2.32111,2.46628,2.61108,2.75565,2.9001,3.04452,3.18896,3.33346,3.47805,3.62273,3.76745,3.9122,4.05689,4.20146,4.34579,4.48976,4.63325,4.7761,4.91812,5.05915
9.56363,9.51953,9.47326,9.42473,9.37387,9.3206,9.26485,9.20657,9.14571,9.08222,9.0161,8.9473,8.87583,8.80168,8.72486,8.6454,8.56332,8.47868,8.39153,8.30194
2.91674,3.0601,3.20289,3.34525,3.48728,3.62904,3.77061,3.91202,4.05328,4.1944,4.33536,4.47611,4.6166,4.75675,4.89647,5.03564,5.17414,5.31182,5.44852,5.58406
9.37061,9.31751,9.2622,9.20459,9.14464,9.0823,9.0175,8.95021,8.88038,8.80798,8.73298,8.65536,8.5751,8.49221,8.40669,8.31856,8.22786,8.13462,8.03891,7.9408
3.49927,3.64006,3.78011,3.91955,4.05847,4.19694,4.33502,4.47275,4.61014,4.74719,4.88387,5.02016,5.15598,5.29126,5.42591,5.55982,5.69286,5.82491,5.95579,6.08534
9.18405,9.12341,9.06057,8.99548,8.92807,8.85829,8.7861,8.71144,8.63428,8.55457,8.4723,8.38744,8.29998,8.20992,8.11727,8.02205,7.92428,7.82402,7.72133,7.61627
3.97366,4.11181,4.24909,4.38563,4.5215,4.65679,4.79153,4.92576,5.05949,5.19271,5.32541,5.45753,5.58903,5.71983,5.84983,5.97893,6.10702,6.23395,6.35957,6.48374
8.92771,8.85826,8.78666,8.71286,8.63678,8.55837,8.47758,8.39436,8.30867,8.22048,8.12974,8.03645,7.9406,7.84217,7.74119,7.63767,7.53164,7.42315,7.31228,7.1991
4.5272,4.66168,4.79516,4.92774,5.05951,5.19051,5.32079,5.45037,5.57926,5.70746,5.83493,5.96162,6.0875,6.21246,6.33644,6.45932,6.581,6.70133,6.82019,6.93743
8.63742,8.55941,8.4793,8.39702,8.31252,8.22573,8.13659,8.04506,7.95109,7.85465,7.75569,7.65421,7.55019,7.44363,7.33454,7.22295,7.10893,6.99256,6.87393,6.75317
5.06208,5.19237,5.32152,5.44963,5.57676,5.70296,5.82827,5.95271,6.07626,6.19893,6.32068,6.44146,6.5612,6.67985,6.7973,6.91347,7.02826,7.14157,7.25329,7.36329
8.31438,8.22805,8.13966,8.04914,7.95644,7.86148,7.7642,7.66456,7.56251,7.45801,7.35103,7.24155,7.1296,7.0152,6.89839,6.77923,6.65778,6.53414,6.4084,6.28068
5.57681,5.70238,5.8267,5.94982,6.07181,6.19271,6.31255,6.43133,6.54904,6.66567,6.78118,6.89552,7.00866,7.12052,7.23106,7.34018,7.44779,7.55381,7.65813,7.76063
7.95957,7.86511,7.76863,7.67006,7.56934,7.46638,7.36114,7.25357,7.14364,7.03135,6.91669,6.79966,6.68031,6.55864,6.43472,6.30859,6.18033,6.05003,5.91779,5.78373
6.06996,6.19032,6.30928,6.42691,6.54324,6.65832,6.77215,6.88475,6.99611,7.10623,7.21508,7.32263,7.42883,7.53364,7.63697,7.73877,7.83894,7.93741,8.03406,8.1288
7.57362,7.47119,7.36679,7.26032,7.15176,7.04105,6.92816,6.81307,6.69576,6.57621,6.45444,6.33046,6.20428,6.07594,5.9455,5.813,5.67854,5.5422,5.40408,5.2643
6.54014,6.65476,6.76783,6.87943,6.98959,7.09835,7.20574,7.31178,7.41645,7.51975,7.62164,7.7221,7.82109,7.91854,8.0144,8.10859,8.20105,8.29168,8.38039,8.46711
7.15752,7.0474,6.9354,6.82146,6.70555,6.58762,6.46764,6.34558,6.22143,6.09519,5.96687,5.83647,5.70403,5.5696,5.43321,5.29495,5.15488,5.0131,4.86972,4.72485
6.98651,7.09484,7.20154,7.30666,7.41023,7.5123,7.61287,7.71195,7.80955,7.90564,8.0002,8.0932,8.18459,8.27434,8.36238,8.44864,8.53306,8.61556,8.69606,8.77448
6.71181,6.59448,6.4754,6.35452,6.23179,6.10717,5.98064,5.85217,5.72176,5.5894,5.45511,5.31891,5.18082,5.0409,4.8992,4.75577,4.61072,4.46412,4.31608,4.16673
7.40742,7.50911,7.60906,7.70734,7.80397,7.89898,7.99238,8.08418,8.17436,8.26292,8.34983,8.43506,8.51858,8.60032,8.68025,8.7583,8.83441,8.90851,8.98052,9.05036
6.31922,6.19622,6.07158,5.94526,5.8172,5.68738,5.55577,5.42234,5.2871,5.15006,5.01121,4.87059,4.72822,4.58416,4.43847,4.2912,4.14244,3.99229,3.84084,3.68822
7.73801,7.83392,7.92803,8.02037,8.11098,8.19987,8.28706,8.37255,8.45632,8.53837,8.61868,8.6972,8.77392,8.84877,8.92171,8.99269,9.06165,9.12852,9.19322,9.25568
5.82404,5.69473,5.56392,5.43158,5.29765,5.16212,5.02495,4.88613,4.74566,4.60355,4.4598,4.31445,4.16753,4.01908,3.86917,3.71786,3.56524,3.41139,3.25642,3.10045
8.10876,8.19743,8.28421,8.36913,8.45223,8.53351,8.61298,8.69064,8.76648,8.84048,8.91261,8.98286,9.05118,9.11752,9.18185,9.2441,9.30423,9.36216,9.41784,9.4712
5.30501,5.16999,5.03362,4.89587,4.75669,4.61606,4.47395,4.33036,4.18528,4.03872,3.8907,3.74124,3.59038,3.43817,3.28467,3.12995,2.97408,2.81717,2.6593,2.50061
8.45013,8.53123,8.61037,8.68756,8.76284,8.8362,8.90765,8.97718,9.04478,9.11043,9.17411,9.23578,9.29542,9.35297,9.40839,9.46163,9.51264,9.56136,9.60773,9.65168
4.76461,4.62448,4.48316,4.3406,4.19678,4.05166,3.90523,3.75748,3.60841,3.45803,3.30635,3.15341,2.99924,2.8439,2.68744,2.52993,2.37145,2.21209,2.05196,1.89117
8.76069,8.83392,8.90511,8.97428,9.04144,9.10659,9.16972,9.23084,9.28993,9.34695,9.40189,9.45471,9.50538,9.55386,9.60009,9.64404,9.68566,9.72488,9.76166,9.79595
4.20556,4.06093,3.91527,3.76852,3.62067,3.47168,3.32154,3.17025,3.0178,2.86421,2.7095,2.5537,2.39684,2.23899,2.08019,1.92052,1.76005,1.59889,1.43713,1.27487
9.03923,9.10431,9.16726,9.22812,9.28687,9.34352,9.39806,9.45048,9.50075,9.54886,9.59477,9.63846,9.67988,9.71899,9.75576,9.79014,9.82207,9.85152,9.87844,9.90276
3.63064,3.48212,3.33272,3.1824,3.03113,2.87888,2.72565,2.57143,2.41622,2.26005,2.10292,1.94488,1.78596,1.62622,1.46571,1.30451,1.14269,0.980357,0.817591,0.654511
9.2846,9.34123,9.39567,9.44791,9.49797,9.54583,9.59148,9.63491,9.67608,9.71498,9.75158,9.78584,9.81773,9.8472,9.87422,9.89874,9.92073,9.94013,9.9569,9.971
3.04264,2.89086,2.73833,2.58505,2.43096,2.27607,2.12036,1.96383,1.80648,1.64834,1.48942,1.32976,1.16941,1.00841,0.846827,0.684728,0.522192,0.359311,0.19618,0.0329075
9.49569,9.54359,9.58921,9.63257,9.67364,9.71242,9.74889,9.78303,9.81482,9.84423,9.87123,9.89578,9.91785,9.9374,9.9544,9.96879,9.98055,9.98963,9.996,9.99961
2.44437,2.28992,2.13488,1.97924,1.82297,1.66604,1.50847,1.35024,1.19138,1.03189,0.871808,0.711161,0.549999,0.388371,0.226338,0.0639742,-0.0986485,-0.261441,-0.424313,-0.587163
9.67147,9.71036,9.74689,9.78106,9.81285,9.84227,9.86927,9.89384,9.91596,9.9356,9.95271,9.96728,9.97926,9.98862,9.99532,9.99932,10.0006,9.99912,9.99489,9.9879
1.83867,1.68218,1.52526,1.36789,1.21005,1.05173,0.892924,0.733635,0.57388,0.413679,0.253057,0.0920557,-0.069283,-0.230906,-0.392757,-0.554773,-0.716876,-0.878991,-1.04102,-1.20287
9.81153,9.84111,9.86825,9.89294,9.91516,9.93489,9.95212,9.96681,9.97893,9.98847,9.99539,9.99965,10.0012,10.0001,9.99628,9.98974,9.98049,9.96852,9.95384,9.93644
1.22804,1.07011,0.91192,0.753435,0.594642,0.435538,0.276118,0.11639,-0.043628,-0.203916,-0.364449,-0.52519,-0.686098,-0.847126,-1.00822,-1.1693,-1.33032,-1.49118,-1.65179,-1.81207
9.91451,9.93448,9.95193,9.96684,9.97918,9.98894,9.9961,10.0006,10.0025,10.0017,9.99818,9.99201,9.98316,9.97163,9.95742,9.94053,9.92095,9.8987,9.87378,9.84618
0.614991,0.456243,0.297388,0.138404,-0.0207221,-0.17999,-0.339404,-0.498958,-0.658637,-0.818422,-0.978287,-1.13819,-1.2981,-1.45796,-1.61772,-1.77731,-1.93666,-2.0957,-2.25433,-2.41247
9.97957,9.98964,9.99711,10.0019,10.0041,10.0037,10.0005,9.99472,9.98626,9.97514,9.96136,9.94493,9.92584,9.9041,9.87971,9.85267,9.82298,9.79065,9.75568,9.71809
0.00189382,-0.157077,-0.315995,-0.474885,-0.633756,-0.792615,-0.951458,-1.11028,-1.26907,-1.42779,-1.58643,-1.74495,-1.9033,-2.06144,-2.21931,-2.37685,-2.53398,-2.69064,-2.84673,-3.00217
10.0055,10.0054,10.0027,9.99728,9.98924,9.97856,9.96525,9.9493,9.93072,9.90951,9.88567,9.8592,9.8301,9.79837,9.76402,9.72705,9.68746,9.64526,9.60045,9.55306
-0.609076,-0.76768,-0.926088,-1.08431,-1.24237,-1.40026,-1.55797,-1.71551,-1.87284,-2.02994,-2.1868,-2.34336,-2.4996,-2.65545,-2.81087,-2.96578,-3.12013,-3.27384,-3.42683,-3.57901
9.99234,9.98209,9.96922,9.95374,9.93565,9.91495,9.89165,9.86573,9.83721,9.80608,9.77234,9.73601,9.69707,9.65552,9.61139,9.56466,9.51536,9.46348,9.40904,9.35205
-1.31674,-1.47417,-1.63123,-1.78794,-1.9443,-2.10031,-2.25597,-2.41126,-2.56616,-2.72066,-2.87471,-3.02828,-3.18132,-3.3338,-3.48565,-3.63681,-3.78721,-3.93678,-4.08545,-4.23312
9.9278,9.90593,9.88148,9.85447,9.82489,9.79274,9.75802,9.72073,9.68087,9.63843,9.59343,9.54585,9.4957,9.44298,9.38771,9.32987,9.2695,9.20658,9.14115,9.07322
-1.91688,-2.07269,-2.228,-2.3828,-2.5371,-2.6909,-2.84419,-2.99696,-3.14917,-3.30081,-3.45185,-3.60224,-3.75195,-3.90092,-4.0491,-4.19643,-4.34284,-4.48826,-4.63261,-4.77582
9.83173,9.80009,9.76592,9.72921,9.68997,9.6482,9.60388,9.55702,9.50761,9.45566,9.40116,9.34412,9.28454,9.22242,9.15778,9.0906,9.02093,8.94875,8.8741,8.79698
-2.50923,-2.66289,-2.81589,-2.96823,-3.11993,-3.27096,-3.42132,-3.571,-3.71996,-3.86818,-4.01564,-4.16228,-4.30808,-4.45297,-4.59691,-4.73984,-4.88169,-5.02239,-5.16187,-5.30006
9.69912,9.65788,9.61414,9.56789,9.51914,9.46787,9.41409,9.35779,9.29897,9.23763,9.17377,9.1074,9.03853,8.96715,8.89328,8.81693,8.73812,8.65685,8.57315,8.48704
-3.09197,-3.24282,-3.39233,-3.54001,-3.68546,-3.82833,-3.96834,-4.10528,-4.23897,-4.36932,-4.49627,-4.61983,-4.74007,-4.85708,-4.97102,-5.08211,-5.19056,-5.29668,-5.40077,-5.5032
9.53059,9.4799,9.42694,9.37192,9.31504,9.25652,9.19658,9.13542,9.07324,9.01023,8.94655,8.88233,8.81768,8.75268,8.68736,8.62172,8.55572,8.48927,8.42223,8.35441
-3.6632,-3.80931,-3.95526,-4.1017,-4.2491,-4.3978,-4.54792,-4.69944,-4.85215,-5.00571,-5.15965,-5.31337,-5.46623,-5.61755,-5.76665,-5.91292,-6.05586,-6.19511,-6.33062,-6.46264
9.32662,9.26756,9.20783,9.14858,9.09042,9.03352,8.9777,8.92244,8.86703,8.81058,8.75212,8.69066,8.62524,8.55502,8.4793,8.39758,8.30965,8.21559,8.11583,8.01117
-4.22801,-4.37647,-4.52585,-4.6759,-4.8264,-4.97705,-5.12755,-5.27759,-5.42683,-5.57494,-5.72159,-5.86648,-6.00931,-6.14981,-6.28777,-6.42303,-6.55553,-6.68524,-6.81225,-6.93674
9.10267,9.04617,8.99022,8.93398,8.8767,8.81766,8.75623,8.69184,8.62399,8.55227,8.47634,8.39595,8.31092,8.22122,8.12687,8.02801,7.92485,7.81768,7.70687,7.59288
-4.80649,-4.95703,-5.10714,-5.25647,-5.40468,-5.55148,-5.69661,-5.83986,-5.98105,-6.12004,-6.25672,-6.39105,-6.52303,-6.65266,-6.78002,-6.90515,-7.02814,-7.14907,-7.268,-7.38498
8.89303,8.83449,8.7735,8.70939,8.64164,8.56987,8.49384,8.41338,8.32845,8.23909,8.14541,8.04759,7.94586,7.84044,7.73159,7.61959,7.50469,7.38714,7.26717,7.14499
-5.38616,-5.53283,-5.67696,-5.81782,-5.95486,-6.08771,-6.21621,-6.3404,-6.46052,-6.5769,-6.69005,-6.80053,-6.90896,-7.01597,-7.12216,-7.22804,-7.33398,-7.44018,-7.54659,-7.65285
8.66115,8.58972,8.51311,8.43047,8.34138,8.24577,8.14387,8.03617,7.92328,7.80596,7.68501,7.56126,7.4355,7.30844,7.1807,7.05274,6.92485,6.79712,6.66945,6.54145
-5.9365,-6.06941,-6.19778,-6.32157,-6.44088,-6.5559,-6.66695,-6.77443,-6.8788,-6.98058,-7.08034,-7.17862,-7.27596,-7.37285,-7.4697,-7.56682,-7.66437,-7.76234,-7.8605,-7.95839
8.36108,8.26596,8.16461,8.05734,7.94463,7.82703,7.70518,7.57975,7.45142,7.32086,7.18871,7.05554,6.92185,6.78804,6.65439,6.52109,6.38815,6.25548,6.12283,5.9898
-6.4224,-6.53758,-6.64893,-6.75703,-6.86243,-6.96559,-7.06696,-7.16691,-7.26578,-7.3638,-7.46119,-7.55809,-7.65457,-7.75064,-7.84628,-7.94137,-8.03577,-8.12928,-8.22163,-8.31254
7.96325,7.8462,7.72531,7.60138,7.4751,7.34701,7.21758,7.08716,6.95599,6.82428,6.69213,6.5596,6.42668,6.29333,6.15948,6.02501,5.88979,5.7537,5.61657,5.47827
-6.84449,-6.94776,-7.04917,-7.14914,-7.24801,-7.34605,-7.44345,-7.54034,-7.63678,-7.73275,-7.8282,-7.92302,-8.01707,-8.11016,-8.2021,-8.29268,-8.38168,-8.4689,-8.55416,-8.63733
7.49294,7.36534,7.23655,7.10694,6.97675,6.84613,6.71517,6.58387,6.45218,6.32003,6.18728,6.0538,5.91946,5.7841,5.6476,5.50983,5.37071,5.23016,5.08817,4.94474
-7.23097,-7.3291,-7.42645,-7.52315,-7.61926,-7.7148,-7.80975,-7.90404,-7.99758,-8.09025,-8.18188,-8.2723,-8.36134,-8.44881,-8.53453,-8.61831,-8.70001,-8.77948,-8.85663,-8.93141
6.99399,6.86383,6.73341,6.60272,6.47168,6.34023,6.20823,6.07557,5.94211,5.80772,5.67225,5.53559,5.39763,5.25827,5.11745,4.97511,4.83125,4.68588,4.53903,4.39079
-7.60391,-7.69954,-7.79444,-7.88856,-7.98179,-8.07404,-8.1652,-8.25513,-8.34372,-8.43083,-8.51632,-8.60006,-8.68191,-8.76175,-8.83947,-8.91497,-8.98814,-9.05894,-9.1273,-9.1932
6.48908,6.35807,6.22661,6.09454,5.96172,5.82802,5.6933,5.55744,5.42036,5.28195,5.14215,5.00091,4.85819,4.71397,4.56825,4.42105,4.2724,4.12237,3.97102,3.81843
-7.96885,-8.06122,-8.15239,-8.24224,-8.33065,-8.41751,-8.5027,-8.58613,-8.6677,-8.74732,-8.8249,-8.90037,-8.97366,-9.0447,-9.11344,-9.17984,-9.24384,-9.30541,-9.36452,-9.42116
5.97982,5.84654,5.71234,5.57708,5.44066,5.30298,5.16397,5.02357,4.88174,4.73845,4.5937,4.44749,4.29984,4.15078,4.00035,3.84858,3.69556,3.54133,3.38598,3.22959
-8.31989,-8.40689,-8.49217,-8.57561,-8.65713,-8.73667,-8.81414,-8.88948,-8.96265,-9.0336,-9.10228,-9.16867,-9.23273,-9.29442,-9.35374,-9.41065,-9.46513,-9.51715,-9.56669,-9.61371
5.45927,5.32197,5.18345,5.04364,4.90248,4.75993,4.61598,4.47062,4.32385,4.17569,4.02616,3.8753,3.72314,3.56973,3.41513,3.25938,3.10256,2.94473,2.78595,2.6263
-8.64858,-8.72829,-8.80588,-8.8813,-8.9545,-9.02544,-9.09411,-9.16045,-9.22446,-9.28611,-9.34539,-9.40228,-9.45676,-9.50882,-9.55844,-9.60561,-9.6503,-9.69249,-9.73213,-9.76919
4.9217,4.77951,4.63602,4.49123,4.34511,4.19766,4.0489,3.89884,3.74752,3.59495,3.44118,3.28625,3.1302,2.97308,2.81494,2.65585,2.49584,2.33499,2.17336,2.01101
-8.94745,-9.0186,-9.08741,-9.15388,-9.21797,-9.27969,-9.33902,-9.39593,-9.45043,-9.50251,-9.55214,-9.59932,-9.64404,-9.68627,-9.726,-9.7632,-9.79784,-9.8299,-9.85933,-9.88609
4.36456,4.21744,4.06912,3.91959,3.76888,3.617,3.46397,3.30981,3.15455,2.99823,2.84089,2.68255,2.52326,2.36308,2.20204,2.0402,1.8776,1.71431,1.55039,1.3859
-9.21245,-9.27438,-9.33389,-9.39096,-9.44558,-9.49775,-9.54746,-9.5947,-9.63946,-9.68172,-9.72148,-9.75872,-9.79342,-9.82555,-9.8551,-9.88203,-9.90631,-9.92791,-9.94679,-9.9629
3.78868,3.6371,3.48447,3.33081,3.17613,3.02045,2.8638,2.70619,2.54765,2.38822,2.22793,2.0668,1.90489,1.74223,1.57887,1.41486,1.25025,1.08509,0.91943,0.753355
-9.44116,-9.49354,-9.54326,-9.59018,-9.63422,-9.67535,-9.71356,-9.74887,-9.78136,-9.8111,-9.8382,-9.86277,-9.88492,-9.90479,-9.9225,-9.93818,-9.95192,-9.96385,-9.97402,-9.98252
3.19617,3.04087,2.88525,2.72985,2.57514,2.42156,2.26947,2.1192,1.971,1.82508,1.68158,1.54058,1.4021,1.26608,1.13243,1.00098,0.871481,0.743657,0.617136,0.491499
-9.63259,-9.67512,-9.71699,-9.7595,-9.80343,-9.84911,-9.89646,-9.94507,-9.99422,-10.043,-10.0903,-10.1351,-10.1761,-10.2122,-10.2425,-10.2662,-10.2828,-10.2922,-10.2947,-10.2909
2.58972,2.43304,2.27608,2.11903,1.96189,1.80453,1.64671,1.48817,1.32863,1.16782,1.00553,0.841615,0.676014,0.508747,0.339925,0.169729,-0.00159229,-0.173701,-0.346254,-0.518966
-9.79972,-9.8454,-9.89204,-9.93886,-9.9851,-10.03,-10.0729,-10.1131,-10.15,-10.1831,-10.2119,-10.2359,-10.2548,-10.2685,-10.2767,-10.2795,-10.2771,-10.2696,-10.2574,-10.241
1.97477,1.8178,1.66045,1.5024,1.34339,1.1832,1.0217,0.858788,0.69443,0.528639,0.361456,0.192982,0.0233357,-0.147291,-0.318663,-0.490578,-0.662821,-0.835197,-1.00752,-1.17966
-9.97825,-10.0232,-10.0653,-10.1035,-10.1368,-10.1647,-10.1868,-10.203,-10.2133,-10.218,-10.2174,-10.2119,-10.202,-10.1884,-10.1714,-10.1516,-10.1294,-10.105,-10.0786,-10.05
1.35633,1.19661,1.03567,0.873378,0.709727,0.544765,0.378621,0.211446,0.0434134,-0.125289,-0.294452,-0.463899,-0.633507,-0.80317,-0.972817,-1.14239,-1.31185,-1.48116,-1.6503,-1.81916
-10.1313,-10.1594,-10.1813,-10.1967,-10.2054,-10.2074,-10.2031,-10.1928,-10.1771,-10.1567,-10.1321,-10.1041,-10.0734,-10.0406,-10.0062,-9.9707,-9.93433,-9.89721,-9.85922,-9.82002
0.723348,0.558856,0.393332,0.226912,0.0597748,-0.107865,-0.275771,-0.443744,-0.611613,-0.779263,-0.9466,-1.11357,-1.28019,-1.44645,-1.6124,-1.77812,-1.94362,-2.10894,-2.27406,-2.43887
-10.2075,-10.2098,-10.2054,-10.1945,-10.1774,-10.1546,-10.1267,-10.0941,-10.0577,-10.018,-9.97569,-9.93146,-9.88586,-9.83937,-9.79239,-9.74516,-9.69779,-9.65021,-9.60216,-9.55318
0.0735206,-0.0937893,-0.261203,-0.42852,-0.595558,-0.762161,-0.928201,-1.09359,-1.25828,-1.42226,-1.58556,-1.74822,-1.91034,-2.072,-2.2333,-2.39434,-2.55516,-2.71579,-2.87617,-3.03616
-10.1897,-10.1672,-10.1398,-10.1082,-10.0731,-10.0351,-9.99471,-9.95225,-9.90812,-9.86259,-9.81585,-9.76805,-9.71926,-9.66949,-9.61871,-9.56683,-9.51371,-9.45917,-9.40299,-9.34492
-0.58348,-0.749953,-0.915743,-1.0808,-1.24512,-1.40871,-1.57163,-1.73391,-1.8956,-2.05677,-2.21747,-2.37773,-2.5376,-2.69709,-2.85619,-3.01487,-3.17308,-3.33073,-3.4877,-3.64383
-10.0933,-10.0555,-10.0153,-9.97293,-9.92882,-9.88316,-9.83614,-9.78785,-9.73837,-9.68772,-9.63586,-9.58274,-9.52828,-9.47237,-9.41488,-9.3557,-9.29467,-9.23166,-9.16655,-9.09922
-1.23565,-1.39925,-1.56201,-1.724,-1.88527,-2.04589,-2.20592,-2.36541,-2.5244,-2.68291,-2.84095,-2.99852,-3.15559,-3.3121,-3.468,-3.62321,-3.77762,-3.93111,-4.08356,-4.23483
-9.95166,-9.90617,-9.85921,-9.81082,-9.76102,-9.70978,-9.6571,-9.60295,-9.54729,-9.49006,-9.4312,-9.37067,-9.30838,-9.24427,-9.17826,-9.11028,-9.04027,-8.96815,-8.89386,-8.81734
-1.87779,-2.03845,-2.19835,-2.35754,-2.51605,-2.67391,-2.83115,-2.98776,-3.14374,-3.29907,-3.45373,-3.60768,-3.76086,-3.91322,-4.06467,-4.21514,-4.36451,-4.51269,-4.65955,-4.80497
-9.7797,-9.72866,-9.67612,-9.62202,-9.56625,-9.50877,-9.4495,-9.3884,-9.32543,-9.26054,-9.19371,-9.12492,-9.05412,-8.98131,-8.90646,-8.82954,-8.75053,-8.66941,-8.58614,-8.5007
-2.50837,-2.66621,-2.82328,-2.97956,-3.13505,-3.28975,-3.44363,-3.59668,-3.74886,-3.90013,-4.05045,-4.19978,-4.34805,-4.4952,-4.64117,-4.78587,-4.92922,-5.07112,-5.21146,-5.35011
-9.58159,-9.52435,-9.46533,-9.40444,-9.34161,-9.2768,-9.20996,-9.14106,-9.07008,-8.99702,-8.92185,-8.84459,-8.76523,-8.68378,-8.60024,-8.51462,-8.4269,-8.33709,-8.24519,-8.15116
-3.12583,-3.28047,-3.43415,-3.58686,-3.73858,-3.88927,-4.0389,-4.18744,-4.33484,-4.48106,-4.62607,-4.7698,-4.91221,-5.05323,-5.1928,-5.33083,-5.46726,-5.602,-5.73493,-5.86594
-9.35728,-9.29276,-9.22623,-9.15763,-9.08691,-9.01405,-8.93903,-8.86184,-8.78249,-8.70098,-8.61733,-8.53155,-8.44367,-8.3537,-8.26166,-8.16756,-8.07141,-7.97322,-7.87298,-7.77069
-3.72771,-3.87835,-4.02781,-4.17605,-4.32304,-4.46875,-4.61313,-4.75616,-4.89778,-5.03796,-5.17665,-5.3138,-5.44938,-5.58331,-5.71554,-5.846,-5.97462,-6.10131,-6.22595,-6.34845
-9.10225,-9.02975,-8.95513,-8.87836,-8.79943,-8.71834,-8.63507,-8.54964,-8.46205,-8.37233,-8.28049,-8.18654,-8.09052,-7.99243,-7.8923,-7.79014,-7.68596,-7.57976,-7.47157,-7.36137
-4.30914,-4.45483,-4.59909,-4.74187,-4.88316,-5.02292,-5.16112,-5.29771,-5.43266,-5.56594,-5.69748,-5.82725,-5.9552,-6.08126,-6.20538,-6.32748,-6.44749,-6.56531,-6.68086,-6.79401
-8.81661,-8.73594,-8.65315,-8.56822,-8.48115,-8.39195,-8.30062,-8.20715,-8.11158,-8.01391,-7.91416,-7.81234,-7.70848,-7.60259,-7.49469,-7.38478,-7.2729,-7.15904,-7.04322,-6.92546
-4.86612,-5.00593,-5.14408,-5.28053,-5.41525,-5.5482,-5.67937,-5.8087,-5.93616,-6.0617,-6.18528,-6.30685,-6.42636,-6.54374,-6.65892,-6.77185,-6.88244,-6.99059,-7.09622,-7.19924
-8.50153,-8.41282,-8.32203,-8.22915,-8.13418,-8.03712,-7.93798,-7.83675,-7.73346,-7.62811,-7.52073,-7.41132,-7.29991,-7.18651,-7.07114,-6.95382,-6.83457,-6.71345,-6.59048,-6.4657
-5.39497,-5.52809,-5.65931,-5.78861,-5.91596,-6.04132,-6.16465,-6.28592,-6.40509,-6.5221,-6.63692,-6.74948,-6.85974,-6.96763,-7.07309,-7.17605,-7.27655,-7.37462,-7.47027,-7.56351
-8.15894,-8.06243,-7.96391,-7.86334,-7.76073,-7.65608,-7.54939,-7.44067,-7.32993,-7.21718,-7.10245,-6.98574,-6.86709,-6.74653,-6.62411,-6.49986,-6.37383,-6.24604,-6.11655,-5.98539
-5.89268,-6.01832,-6.14186,-6.26324,-6.38245,-6.49943,-6.61416,-6.72659,-6.83667,-6.94437,-7.04962,-7.1524,-7.25271,-7.35062,-7.44618,-7.53943,-7.63042,-7.71918,-7.80572,-7.89008
-7.78935,-7.68533,-7.57934,-7.47138,-7.36146,-7.24955,-7.13568,-7.01984,-6.90206,-6.78236,-6.66077,-6.53734,-6.41208,-6.28503,-6.15624,-6.02573,-5.89356,-5.75976,-5.62438,-5.48747
-6.35543,-6.47285,-6.58795,-6.70067,-6.811,-6.9189,-7.02432,-7.12723,-7.22763,-7.32558,-7.42116,-7.5144,-7.60539,-7.69416,-7.78078,-7.86527,-7.94768,-8.02804,-8.10639,-8.18273
-7.39645,-7.28523,-7.17211,-7.05708,-6.94014,-6.82131,-6.70061,-6.57806,-6.45368,-6.32751,-6.19958,-6.06991,-5.93855,-5.80553,-5.67089,-5.53468,-5.39693,-5.2577,-5.11703,-4.97498
-6.78242,-6.89093,-6.9969,-7.1003,-7.2011,-7.29937,-7.39518,-7.4886,-7.57969,-7.66853,-7.75517,-7.83967,-7.9221,-8.00251,-8.08095,-8.15746,-8.2321,-8.30488,-8.37585,-8.44503
-6.90938,-6.79017,-6.66919,-6.54644,-6.42194,-6.29571,-6.16776,-6.03811,-5.90679,-5.77383,-5.63926,-5.5031,-5.3654,-5.2262,-5.08552,-4.94342,-4.79994,-4.65513,-4.50905,-4.36174
-7.23183,-7.32927,-7.42418,-7.51665,-7.60676,-7.69457,-7.78016,-7.86358,-7.94492,-8.02422,-8.10155,-8.17698,-8.25055,-8.32232,-8.39234,-8.46066,-8.5273,-8.59233,-8.65576,-8.71763
-6.46946,-6.34396,-6.21682,-6.08804,-5.95763,-5.82561,-5.692,-5.55681,-5.42009,-5.28184,-5.14211,-5.00093,-4.85834,-4.71438,-4.56909,-4.42252,-4.27471,-4.12572,-3.9756,-3.8244
-7.57742,-7.66599,-7.75225,-7.83626,-7.91809,-7.99781,-8.07548,-8.15117,-8.22494,-8.29687,-8.367,-8.43542,-8.50216,-8.5673,-8.63088,-8.69295,-8.75356,-8.81276,-8.87056,-8.92701
-5.92868,-5.79645,-5.66273,-5.52752,-5.39084,-5.25271,-5.11314,-4.97215,-4.82979,-4.68606,-4.54101,-4.39467,-4.24708,-4.09827,-3.9483,-3.79721,-3.64504,-3.49185,-3.3377,-3.18265
-7.94001,-8.01913,-8.09616,-8.17116,-8.24422,-8.31539,-8.38474,-8.45233,-8.51824,-8.58252,-8.64525,-8.70647,-8.76626,-8.82466,-8.88173,-8.93752,-8.99207,-9.04543,-9.09763,-9.14871
-5.44111,-5.30363,-5.16478,-5.02459,-4.88306,-4.74021,-4.59607,-4.45065,-4.30399,-4.15611,-4.00703,-3.85681,-3.70548,-3.55307,-3.39963,-3.24522,-3.08987,-2.93365,-2.77662,-2.61882
-8.22064,-8.29242,-8.3623,-8.43037,-8.49668,-8.5613,-8.62431,-8.68575,-8.74571,-8.80423,-8.86139,-8.91724,-8.97185,-9.02526,-9.07754,-9.12872,-9.17887,-9.22801,-9.27619,-9.32345
-4.84388,-4.70085,-4.55662,-4.41122,-4.26465,-4.11692,-3.96807,-3.81812,-3.66708,-3.51499,-3.36188,-3.20777,-3.05273,-2.89677,-2.73996,-2.58232,-2.42393,-2.26483,-2.10508,-1.94474
-8.51673,-8.5808,-8.64323,-8.70408,-8.76343,-8.82133,-8.87786,-8.93308,-8.98705,-9.03982,-9.09145,-9.14201,-9.19155,-9.24011,-9.28775,-9.33453,-9.38047,-9.42563,-9.47005,-9.51378
-4.30875,-4.16151,-4.01322,-3.8639,-3.71354,-3.56217,-3.4098,-3.25647,-3.1022,-2.94702,-2.79096,-2.63406,-2.47635,-2.31788,-2.1587,-1.99885,-1.83839,-1.67738,-1.51586,-1.35392
-8.74801,-8.80628,-8.86313,-8.9186,-8.97276,-9.02568,-9.07741,-9.12802,-9.17756,-9.22609,-9.27368,-9.32038,-9.36625,-9.41135,-9.45572,-9.49942,-9.5425,-9.585,-9.62698,-9.66846
-3.75278,-3.60181,-3.44992,-3.29713,-3.14346,-2.98893,-2.83354,-2.67734,-2.52035,-2.36259,-2.2041,-2.04492,-1.88509,-1.72464,-1.56364,-1.40212,-1.24014,-1.07775,-0.915029,-0.752016
-8.96007,-9.01326,-9.06522,-9.11602,-9.1657,-9.21434,-9.262,-9.30874,-9.35462,-9.39969,-9.44401,-9.48765,-9.53065,-9.57307,-9.61497,-9.6564,-9.6974,-9.73802,-9.77832,-9.81833
-3.17783,-3.02361,-2.86864,-2.7129,-2.55644,-2.39925,-2.24136,-2.08281,-1.92361,-1.76381,-1.60342,-1.44249,-1.28107,-1.11919,-0.956911,-0.794268,-0.631318,-0.468127,-0.304741,-0.141233
-9.15597,-9.2048,-9.2526,-9.29945,-9.34539,-9.39049,-9.43481,-9.4784,-9.52134,-9.56367,-9.60546,-9.64676,-9.68762,-9.72812,-9.76828,-9.80818,-9.84786,-9.88737,-9.92677,-9.96608
-2.48561,-2.32829,-2.17037,-2.01188,-1.85283,-1.69324,-1.53313,-1.37253,-1.21147,-1.04999,-0.888107,-0.725866,-0.563315,-0.400493,-0.237444,-0.0742241,,,,
-9.36651,-9.41118,-9.45508,-9.49826,-9.54079,-9.58273,-9.62414,-9.66507,-9.70559,-9.74575,-9.78561,-9.82522,-9.86464,-9.90392,-9.94311,-9.98227,,,,
-1.87714,-1.71779,-1.558,-1.39777,-1.23714,-1.07612,-0.914745,-0.753022,-0.591,-0.428699,-0.266164,-0.103424,,,,,,,,
-9.53518,-9.57716,-9.61858,-9.6595,-9.69997,-9.74006,-9.77981,-9.81929,-9.85856,-9.89767,-9.93668,-9.97566,,,,,,,,
-1.25782,-1.09701,-0.935907,-0.774531,-0.612897,-0.451029,-0.28896,-0.126706,,,,,,,,,,,,
-9.69539,-9.73548,-9.77522,-9.81465,-9.85385,-9.89287,-9.93176,-9.9706,,,,,,,,,,,,
-0.631028,-0.469343,-0.307525,-0.145584,,,,,,,,,,,,,,,,
-9.84989,-9.88889,-9.92774,-9.9665,,,,,,,,,,,,,,,,
